nome;cognome;telefono
Cedric;Eaton;471-6069
Xaviera;Jefferson;652-9983
Kelsey;Cooper;914-6096
Marshall;Tate;1-369-919-3887
Connor;Hardin;920-2767
Kato;Evans;360-9522
Cedric;Lancaster;212-7782
Noel;Shields;1-219-775-3647
Hedley;Mayo;1-380-920-1652
Maxine;Baird;745-6951
Angela;Keller;116-7609
Sarah;Hammond;1-810-113-3244
Upton;Yates;982-9514
Meghan;Bolton;644-3465
Cecilia;Ferguson;1-790-343-7220
Porter;Hahn;400-3659
Noelani;Marsh;1-819-219-4839
Leroy;Fisher;1-793-488-9958
Aristotle;Hart;1-236-424-4978
Quinn;Vance;1-711-714-5730
Emerald;Harrington;1-914-177-8351
Aurora;Morales;509-8359
Maggie;Higgins;773-5912
Odysseus;Rogers;1-507-220-7969
Steven;Ray;567-4791
Holly;Delgado;269-4231
Amos;Byers;1-273-491-2421
Cailin;Mcknight;285-8298
Martina;Whitley;1-718-113-9479
Cyrus;Frost;1-148-786-9900
Zena;Carrillo;1-549-211-9116
Clark;Cash;735-7293
Amena;Tillman;1-898-908-2439
Bruce;Cunningham;1-337-607-5888
Laith;Mccoy;1-519-372-5365
Raphael;Rosales;1-643-277-0031
Garrett;Burch;330-9854
Baxter;Fulton;101-4512
Hanae;Roberts;623-9708
Cullen;Haney;566-0213
Aurelia;Saunders;1-119-655-0140
Kyle;Pierce;1-246-669-2718
MacKensie;Carlson;1-132-558-2240
Burke;David;1-365-840-8740
Reese;Anderson;1-674-601-7612
Amanda;Pitts;1-680-606-4386
Chava;Jordan;1-335-284-8121
Ingrid;West;1-695-719-7532
Beck;Hoffman;782-7567
Lester;Carson;618-2691
Murphy;Stokes;1-374-196-8574
Rose;Powers;1-151-793-4340
Valentine;Horton;1-995-401-4653
Nicholas;Mckenzie;1-869-859-1107
Fatima;Calhoun;754-7363
Jermaine;Calhoun;1-990-943-9142
Herman;Kent;1-690-406-4362
Berk;Stark;1-698-182-9657
Brody;Booth;1-537-699-2599
Leslie;Obrien;742-3927
Neil;Carr;1-168-580-4921
Kermit;Strickland;835-8514
Thor;Hatfield;1-194-104-5480
Carson;Harrison;569-6992
Vera;Bray;438-5927
Robert;Norman;1-687-398-5563
Odette;Rush;1-500-871-7165
Ahmed;Ball;1-761-482-4694
Raymond;Vincent;800-1628
Uriel;Weber;831-7172
Lucas;Wade;1-528-897-9513
Madeline;Schroeder;845-7796
Cadman;Dorsey;480-0252
Lev;Park;322-8519
Jael;Gamble;1-217-932-1238
Iola;Rodriquez;234-2810
Maite;Valdez;330-1575
Jaime;Hatfield;314-5099
Liberty;Sandoval;918-1533
Benedict;Thornton;725-8596
Francis;Spencer;1-456-384-5232
Fleur;Cooley;466-1414
Arden;Becker;1-728-626-2033
Echo;Garrison;1-939-603-7354
Kylie;Moses;1-474-606-5530
Colorado;Vaughn;452-5134
Jin;Coffey;320-1978
Quentin;Willis;200-3392
David;Pitts;1-572-459-4642
Kirk;Barton;1-727-227-7815
Renee;Harris;1-788-326-3147
Marny;Guzman;1-474-600-3040
Malcolm;Doyle;1-783-444-2783
Olympia;Mullins;1-724-268-2050
Shad;Russell;266-6970
Beverly;English;837-8674
Deacon;Combs;1-505-633-7525
Dominic;Robertson;1-265-387-0388
Karleigh;Mcfadden;1-383-386-2142
Lilah;Mathews;1-909-899-9180
Kelsey;Gilbert;723-5880
Kameko;Hahn;1-979-121-4573
Genevieve;Bass;457-2204
Kim;Rosa;859-7065
Craig;Skinner;376-4554
Hop;Mccormick;739-0268
Madaline;Park;655-1559
Natalie;Mccullough;1-634-504-2871
Teagan;Merrill;910-0272
Urielle;Noble;398-7968
Murphy;Frederick;1-587-867-1454
Gwendolyn;Delaney;1-898-322-9882
Phelan;Hancock;1-533-582-9688
Emerald;Pena;1-609-611-5302
Octavia;Carpenter;1-387-605-0184
Colin;Collier;1-843-869-9810
Xyla;Koch;189-0052
Kelsie;Landry;1-740-770-0728
Steel;Daugherty;930-7429
Priscilla;Wade;1-666-107-5356
Buffy;Ortiz;699-0853
Blythe;Mitchell;1-930-959-0956
Sara;Austin;1-386-323-4794
Fleur;Orr;787-6851
Paula;Buck;1-402-915-7960
Levi;Mckinney;1-768-345-9298
Emery;Huber;1-951-268-5818
Suki;Evans;1-782-301-0395
Hillary;Forbes;910-8259
Xerxes;Ashley;1-886-256-3619
Venus;Mendoza;1-155-489-6384
Jemima;Bauer;1-605-205-2954
Vielka;Dejesus;1-917-605-7627
Ingrid;Wyatt;1-300-921-9468
Evelyn;Mullins;700-1242
Angela;Donaldson;139-3031
Ulysses;Wolfe;922-6253
Colton;Willis;367-2310
Nomlanga;Newton;1-967-363-0188
Rosalyn;Sanchez;1-971-627-3263
Griffin;Acevedo;813-6680
Logan;Rivas;640-3047
Portia;Frank;1-588-960-2504
Quin;Justice;774-6957
Chase;Nelson;842-6972
Jessamine;Paul;1-810-515-7711
Martin;Walker;1-555-379-9757
Byron;Boyd;1-246-854-6451
Tasha;Fitzpatrick;145-1543
Lillith;Diaz;1-876-522-1602
Jack;Leblanc;1-436-753-4236
Dane;Horton;785-9277
Jocelyn;David;1-321-641-8490
Demetrius;Wells;1-902-449-9465
Hammett;Calhoun;1-528-929-5416
Laura;Dickson;1-658-330-3678
Raja;Bailey;1-553-783-3424
Lamar;Wong;133-8663
Kathleen;Valentine;1-223-538-2747
Grant;Parrish;512-8643
Kiara;Rowland;967-0569
Destiny;Mercer;1-245-575-5379
Zeph;Rush;505-6097
Pascale;Hickman;1-250-242-0058
Ivor;Irwin;1-791-775-0759
Chancellor;Mcdowell;770-1894
Eugenia;Rice;1-354-396-8761
Kyle;Hickman;1-821-992-0881
Kellie;Fuller;543-3566
Nehru;Shields;633-3065
Alexis;Stanton;1-777-746-1601
Gay;Ashley;585-6260
Abbot;Kemp;469-3671
Christopher;Bentley;433-1878
Basil;Osborne;294-7524
Igor;Fox;1-666-274-9142
Isadora;Barry;1-459-441-5963
Yeo;Mays;1-176-672-2055
Shaine;Smith;1-190-503-1039
Hunter;Pace;787-5347
Elton;Cantu;951-0713
Halee;Griffith;136-2016
Jamalia;Wooten;1-165-720-3247
Marah;Meyers;531-9131
Clare;Melendez;548-9251
Yeo;Burt;1-166-630-3129
Cameron;Morris;1-354-919-8367
Tasha;Mann;1-856-375-0996
Cailin;Figueroa;1-223-167-4827
Warren;Haynes;1-230-484-7369
Belle;Payne;786-2657
Reuben;Gallagher;1-768-448-7653
Vaughan;Nixon;1-724-247-3147
Gary;Merritt;1-172-463-8648
Hedda;Mcgee;884-8842
Roanna;Huff;1-537-187-5151
Blair;Watson;987-1095
Forrest;Price;156-1405
Griffin;Zamora;1-434-332-7492
Karyn;Barton;1-627-260-9948
Matthew;Fry;338-5307
Mark;Sanders;190-5524
Xandra;Mcleod;1-687-183-2556
Harding;Jarvis;1-426-301-2119
Ocean;Moses;135-6201
Lionel;West;213-1753
Mercedes;Donovan;1-439-166-4713
Erin;Ramirez;1-330-975-0090
Brendan;Goodman;1-298-813-8264
John;Miller;113-6397
Kelsie;Washington;954-6264
Illana;Page;776-0946
Steven;Mcdaniel;132-0521
Walker;Maddox;874-7792
Salvador;Jenkins;1-193-353-2968
Thor;Blackburn;1-568-271-4817
Amir;Nichols;992-6652
April;Gay;104-5637
Barry;Frost;481-6733
Arden;England;615-2194
Neve;Hurst;1-919-328-7073
Lisandra;Hurst;1-321-448-1012
Kevyn;Alvarado;768-3712
Stacey;Douglas;1-438-984-1730
Sylvester;Lancaster;809-9867
Ryan;Crosby;1-991-385-0209
Devin;Pope;964-7928
Bert;Phillips;871-1506
Simone;Rodgers;762-8136
Sonia;Dillard;1-280-335-0155
Imelda;Randolph;580-3000
Reagan;Kerr;765-4218
Shana;Blackwell;1-696-692-6133
Stacey;Bean;1-465-159-2936
Mariam;Blake;1-817-353-9281
Kevin;Mcdaniel;1-892-425-5288
Curran;Rivas;514-0306
Zachery;Maddox;530-4897
Renee;Roberts;1-235-817-5568
Martha;Patterson;1-841-204-1439
Yasir;Miller;898-8680
Gavin;Kelley;537-1906
Kylan;Kerr;455-5649
Asher;Leon;1-324-327-2130
Brian;Ray;102-2433
Sydney;Mitchell;705-4805
Tasha;Daniels;1-617-403-0751
Orson;Montgomery;1-603-730-7769
Sebastian;Bates;1-569-103-4995
Asher;Flores;723-5277
Halla;Pearson;641-2201
Keely;Monroe;544-4417
Idona;Guzman;880-4086
Angela;Taylor;1-388-779-8131
Samuel;Mejia;1-347-532-5146
Maite;Camacho;1-393-905-8386
Kelly;Emerson;526-5405
Charity;Grimes;874-8870
Ainsley;Lyons;558-1430
Colin;Gregory;1-228-262-3664
Brent;Emerson;928-2904
Anjolie;Rivers;1-699-940-1574
Christine;Madden;414-7974
Kalia;Lucas;1-521-201-0373
Belle;Hahn;109-2492
Eden;Newman;754-7327
Abra;Herring;1-391-401-0096
Fay;Slater;1-359-735-7658
Murphy;Avila;1-579-706-5671
Colt;Hart;504-4692
Maya;Lee;1-296-346-3222
Emily;Glass;1-403-652-8975
Lesley;Hays;170-5750
Libby;Mills;1-892-514-9271
Sean;Thornton;1-401-595-2518
Steel;Vargas;354-9313
Jana;Macdonald;330-8886
Joan;Snyder;591-3913
Oscar;Grant;324-4925
Hayden;Slater;177-6161
Maxine;Chapman;1-833-793-6570
Ila;Garcia;552-4347
Tasha;Gray;563-4589
Vivien;Morales;268-3883
Eugenia;Clark;1-445-785-2577
Beau;Norton;565-8852
Carlos;Coffey;636-7349
Tatiana;Atkinson;923-7878
Charlotte;Richard;1-444-357-9837
Lucas;Montoya;829-3709
Echo;Hayes;1-445-646-2614
Brady;Morton;1-675-440-8797
Fritz;Steele;663-0109
Emily;Whitaker;566-0371
Odessa;Carson;1-857-771-0997
Orson;Levy;1-767-471-6571
Sawyer;Valdez;814-7008
Leo;Morton;1-811-569-4019
Tiger;Lott;821-5027
Evan;Olsen;139-6707